USE bd_gestion_aulas;

-- DEPAPARTAMENTO--
INSERT INTO `departamento` VALUES (1, "Desarrollo Productivo y Tecnologico");

-- ROLES--
INSERT INTO `bd_gestion_aulas`.`rol` VALUES (1, 'ROLE_ADMIN');
INSERT INTO `bd_gestion_aulas`.`rol` VALUES (2, 'ROLE_AUDITOR');
INSERT INTO `bd_gestion_aulas`.`rol` VALUES (3, 'ROLE_ASISTENTE');
INSERT INTO `bd_gestion_aulas`.`rol` VALUES (4, 'ROLE_ALUMNO');
INSERT INTO `bd_gestion_aulas`.`rol` VALUES (5, 'ROLE_PROFESOR');

-- USUARIOS--
INSERT INTO `usuario` (id, nombre, apellido, email, username, password, tipo_documento, nro_documento, id_role, enabled) VALUES (1, "Pedro", "Gómez", "admin@unla.edu.ar", "admin", "$2a$12$QvM5mvSxdVRyoY79LRGQ1uLw7s7yprsghnkiyrHKQr3pVR1kJbSOq" , "dni", 123456789, 1, 1);
INSERT INTO `usuario` (id, nombre, apellido, email, username, password, tipo_documento, nro_documento, id_role, enabled) VALUES (2, "Marcela", "López", "auditor@unla.edu.ar", "auditor", "$2a$12$QvM5mvSxdVRyoY79LRGQ1uLw7s7yprsghnkiyrHKQr3pVR1kJbSOq" , "dni", 123456789, 2, 1);
INSERT INTO `usuario` (id, nombre, apellido, email, username, password, tipo_documento, nro_documento, id_role, enabled) VALUES (3, "Claudia", "Pérez", "profe@unla.edu.ar", "profe", "$2a$12$QvM5mvSxdVRyoY79LRGQ1uLw7s7yprsghnkiyrHKQr3pVR1kJbSOq" , "dni", 123456789, 5, 1);

-- CARRERAS--
INSERT INTO `carrera` (id, carrera, id_departamento) VALUES (1,"Gestion Ambiental",1);
INSERT INTO `carrera` (id, carrera, id_departamento) VALUES (2,"Economia Empresarial",1);
INSERT INTO `carrera` (id, carrera, id_departamento) VALUES (3,"Economia Política",1);
INSERT INTO `carrera` (id, carrera, id_departamento) VALUES (4,"Ciencia y tec. de alimentos",1);
INSERT INTO `carrera` (id, carrera, id_departamento) VALUES (5,"Lic.Turismo",1);
INSERT INTO `carrera` (id, carrera, id_departamento) VALUES (6,"Ciclo Lic. Turismo",1);
INSERT INTO `carrera` (id, carrera, id_departamento) VALUES (7,"Sistemas",1);
INSERT INTO `carrera` (id, carrera, id_departamento) VALUES (8,"Tec. Ferroviarias",1);
INSERT INTO `carrera` (id, carrera, id_departamento) VALUES (9,"Lic. Logistitca",1);
INSERT INTO `carrera` (id, carrera, id_departamento) VALUES (10,"Ciclo Lic. Logística",1);

-- MATERIAS --
INSERT INTO `materia` (id, cod_materia, materia, id_carrera) VALUES (1, 8600, "Programación", 7);
INSERT INTO `materia` (id, cod_materia, materia, id_carrera) VALUES (2, 8605, "Algoritmos", 7);
INSERT INTO `materia` (id, cod_materia, materia, id_carrera) VALUES (3, 8601, "Org.Computadoras", 7);
INSERT INTO `materia` (id, cod_materia, materia, id_carrera) VALUES (4, 8603, "Matemáticas", 7);
INSERT INTO `materia` (id, cod_materia, materia, id_carrera) VALUES (5, 8602, "Arq.Computadoras", 7);
INSERT INTO `materia` (id, cod_materia, materia, id_carrera) VALUES (6, 8606, "Pensamiento Científico", 7);
INSERT INTO `materia` (id, cod_materia, materia, id_carrera) VALUES (7, 8604, "Matemáticas II", 7);

-- EDIFICIO --
INSERT INTO `edificio` (edificio) VALUES ("José Hernandez");
INSERT INTO `edificio` (edificio) VALUES ("Juana Manso");
INSERT INTO `edificio` (edificio) VALUES ("Arturo Jauretche");
INSERT INTO `edificio` (edificio) VALUES ("Juana Azurduy");

-- AULA --
INSERT INTO `aula` (numero, edificio_id) VALUES (1, 1);
INSERT INTO `aula` (numero, edificio_id) VALUES (2, 1);
INSERT INTO `aula` (numero, edificio_id) VALUES (3, 1);
INSERT INTO `aula` (numero, edificio_id) VALUES (4, 1);
INSERT INTO `aula` (numero, edificio_id) VALUES (5, 1);
INSERT INTO `aula` (numero, edificio_id) VALUES (1, 2);
INSERT INTO `aula` (numero, edificio_id) VALUES (2, 2);
INSERT INTO `aula` (numero, edificio_id) VALUES (3, 2);
INSERT INTO `aula` (numero, edificio_id) VALUES (1, 3);
INSERT INTO `aula` (numero, edificio_id) VALUES (2, 3);
INSERT INTO `aula` (numero, edificio_id) VALUES (3, 3);
INSERT INTO `aula` (numero, edificio_id) VALUES (1, 4);
INSERT INTO `aula` (numero, edificio_id) VALUES (2, 4);
INSERT INTO `aula` (numero, edificio_id) VALUES (3, 4);
INSERT INTO `aula` (numero, edificio_id) VALUES (4, 4);

-- AULA TRADICIONAL -- 
INSERT INTO `tradicional` (id, cant_bancos, pizarron, tiene_proyector) VALUES (1, 70, "Tiza", 0);
INSERT INTO `tradicional` (id, cant_bancos, pizarron, tiene_proyector) VALUES (2, 65, "Marcador", 1);
INSERT INTO `tradicional` (id, cant_bancos, pizarron, tiene_proyector) VALUES (4, 90, "Tiza", 0);
INSERT INTO `tradicional` (id, cant_bancos, pizarron, tiene_proyector) VALUES (6, 70, "Marcador", 1);
INSERT INTO `tradicional` (id, cant_bancos, pizarron, tiene_proyector) VALUES (7, 70, "Marcador", 1);
INSERT INTO `tradicional` (id, cant_bancos, pizarron, tiene_proyector) VALUES (8, 70, "Tiza", 0);
INSERT INTO `tradicional` (id, cant_bancos, pizarron, tiene_proyector) VALUES (12, 50, "Marcador", 1);
INSERT INTO `tradicional` (id, cant_bancos, pizarron, tiene_proyector) VALUES (13, 70, "Tiza", 0);

-- AULA LABORATORIO -- 
INSERT INTO `laboratorio` (id, cant_pc, cant_sillas) VALUES (3, 50, 65);
INSERT INTO `laboratorio` (id, cant_pc, cant_sillas) VALUES (5, 45, 50);
INSERT INTO `laboratorio` (id, cant_pc, cant_sillas) VALUES (9, 45, 50);
INSERT INTO `laboratorio` (id, cant_pc, cant_sillas) VALUES (10, 45, 50);
INSERT INTO `laboratorio` (id, cant_pc, cant_sillas) VALUES (11, 45, 50);
INSERT INTO `laboratorio` (id, cant_pc, cant_sillas) VALUES (14, 30, 30);
INSERT INTO `laboratorio` (id, cant_pc, cant_sillas) VALUES (15, 30, 30);


-- NOTA PEDIDO --
INSERT INTO `nota_pedido` (cant_estudiantes, estado, fecha, observaciones, turno, carrera_id, materia_id, usuario_id) VALUES (48, "enProceso", "2022-03-02", "Con proyector", "M", 7, 1, 3);
INSERT INTO `nota_pedido` (cant_estudiantes, estado, fecha, observaciones, turno, carrera_id, materia_id, usuario_id) VALUES (70, "enProceso", "2022-03-08", "Pizarron blanco de marcador", "N", 7, 1, 3);
INSERT INTO `nota_pedido` (cant_estudiantes, estado, fecha, observaciones, turno, carrera_id, materia_id, usuario_id) VALUES (82, "enProceso", "2022-03-14", "Pizarron blanco de marcador", "T", 7, 2, 3);
INSERT INTO `nota_pedido` (cant_estudiantes, estado, fecha, observaciones, turno, carrera_id, materia_id, usuario_id) VALUES (50, "enProceso", "2022-03-06", "Con proyector", "M", 7, 1, 3);
INSERT INTO `nota_pedido` (cant_estudiantes, estado, fecha, observaciones, turno, carrera_id, materia_id, usuario_id) VALUES (39, "enProceso", "2022-03-30", "-", "M", 7, 5, 3);
INSERT INTO `nota_pedido` (cant_estudiantes, estado, fecha, observaciones, turno, carrera_id, materia_id, usuario_id) VALUES (78, "enProceso", "2022-03-18", "Calefaccionado", "T", 7, 1, 3);
INSERT INTO `nota_pedido` (cant_estudiantes, estado, fecha, observaciones, turno, carrera_id, materia_id, usuario_id) VALUES (60, "enProceso", "2022-03-20", "Con proyector", "T", 7, 1, 3);
INSERT INTO `nota_pedido` (cant_estudiantes, estado, fecha, observaciones, turno, carrera_id, materia_id, usuario_id) VALUES (88, "enProceso", "2022-03-22", "-", "M", 7, 1, 3);
INSERT INTO `nota_pedido` (cant_estudiantes, estado, fecha, observaciones, turno, carrera_id, materia_id, usuario_id) VALUES (62, "enProceso", "2022-03-13", "Con proyector", "N", 7, 1, 3);
INSERT INTO `nota_pedido` (cant_estudiantes, estado, fecha, observaciones, turno, carrera_id, materia_id, usuario_id) VALUES (53, "enProceso", "2022-03-10", "Con proyector", "N", 7, 1, 3);
INSERT INTO `nota_pedido` (cant_estudiantes, estado, fecha, observaciones, turno, carrera_id, materia_id, usuario_id) VALUES (120, "rechazado", "2022-03-10", "Con proyector", "N", 7, 1, 3);


-- ESPACIOS PARA TODAS LAS AULAS EN EL MES DE MARZO--
INSERT INTO `espacio` (fecha, libre, turno, aula_id) VALUES ('2022-03-01', 1, 'M', 1);
INSERT INTO `espacio` (fecha, libre, turno, aula_id) VALUES ('2022-03-02', 1, 'M', 1);
INSERT INTO `espacio` (fecha, libre, turno, aula_id) VALUES ('2022-03-03', 1, 'M', 1);
INSERT INTO `espacio` (fecha, libre, turno, aula_id) VALUES ('2022-03-09', 1, 'M', 1);
INSERT INTO `espacio` (fecha, libre, turno, aula_id) VALUES ('2022-03-10', 1, 'M', 1);
INSERT INTO `espacio` (fecha, libre, turno, aula_id) VALUES ('2022-03-11', 1, 'M', 1);
INSERT INTO `espacio` (fecha, libre, turno, aula_id) VALUES ('2022-03-12', 1, 'M', 1);
INSERT INTO `espacio` (fecha, libre, turno, aula_id) VALUES ('2022-03-13', 1, 'M', 1);
INSERT INTO `espacio` (fecha, libre, turno, aula_id) VALUES ('2022-03-14', 1, 'M', 1);
INSERT INTO `espacio` (fecha, libre, turno, aula_id) VALUES ('2022-03-15', 1, 'M', 1);
INSERT INTO `espacio` (fecha, libre, turno, aula_id) VALUES ('2022-03-16', 1, 'M', 1);
INSERT INTO `espacio` (fecha, libre, turno, aula_id) VALUES ('2022-03-31', 1, 'M', 1);
INSERT INTO `espacio` (fecha, libre, turno, aula_id) VALUES ('2022-03-01', 1, 'T', 1);
INSERT INTO `espacio` (fecha, libre, turno, aula_id) VALUES ('2022-03-02', 1, 'T', 1);
INSERT INTO `espacio` (fecha, libre, turno, aula_id) VALUES ('2022-03-03', 1, 'T', 1);
INSERT INTO `espacio` (fecha, libre, turno, aula_id) VALUES ('2022-03-30', 1, 'T', 1);
INSERT INTO `espacio` (fecha, libre, turno, aula_id) VALUES ('2022-03-31', 1, 'T', 1);
INSERT INTO `espacio` (fecha, libre, turno, aula_id) VALUES ('2022-03-01', 1, 'N', 1);
INSERT INTO `espacio` (fecha, libre, turno, aula_id) VALUES ('2022-03-02', 1, 'N', 1);
INSERT INTO `espacio` (fecha, libre, turno, aula_id) VALUES ('2022-03-14', 1, 'N', 1);
INSERT INTO `espacio` (fecha, libre, turno, aula_id) VALUES ('2022-03-15', 1, 'N', 1);
INSERT INTO `espacio` (fecha, libre, turno, aula_id) VALUES ('2022-03-16', 1, 'N', 1);
INSERT INTO `espacio` (fecha, libre, turno, aula_id) VALUES ('2022-03-01', 1, 'M', 2);
INSERT INTO `espacio` (fecha, libre, turno, aula_id) VALUES ('2022-03-02', 1, 'M', 2);
INSERT INTO `espacio` (fecha, libre, turno, aula_id) VALUES ('2022-03-03', 1, 'M', 2);
INSERT INTO `espacio` (fecha, libre, turno, aula_id) VALUES ('2022-03-04', 1, 'M', 2);
INSERT INTO `espacio` (fecha, libre, turno, aula_id) VALUES ('2022-03-05', 1, 'M', 2);
INSERT INTO `espacio` (fecha, libre, turno, aula_id) VALUES ('2022-03-06', 1, 'M', 2);
INSERT INTO `espacio` (fecha, libre, turno, aula_id) VALUES ('2022-03-07', 1, 'M', 2);
INSERT INTO `espacio` (fecha, libre, turno, aula_id) VALUES ('2022-03-01', 1, 'T', 2);
INSERT INTO `espacio` (fecha, libre, turno, aula_id) VALUES ('2022-03-02', 1, 'T', 2);
INSERT INTO `espacio` (fecha, libre, turno, aula_id) VALUES ('2022-03-03', 1, 'T', 2);
INSERT INTO `espacio` (fecha, libre, turno, aula_id) VALUES ('2022-03-04', 1, 'T', 2);
INSERT INTO `espacio` (fecha, libre, turno, aula_id) VALUES ('2022-03-05', 1, 'T', 2);
INSERT INTO `espacio` (fecha, libre, turno, aula_id) VALUES ('2022-03-06', 1, 'T', 2);
INSERT INTO `espacio` (fecha, libre, turno, aula_id) VALUES ('2022-03-07', 1, 'T', 2);
INSERT INTO `espacio` (fecha, libre, turno, aula_id) VALUES ('2022-03-08', 1, 'T', 2);
INSERT INTO `espacio` (fecha, libre, turno, aula_id) VALUES ('2022-03-09', 1, 'T', 2);
INSERT INTO `espacio` (fecha, libre, turno, aula_id) VALUES ('2022-03-10', 1, 'T', 2);
INSERT INTO `espacio` (fecha, libre, turno, aula_id) VALUES ('2022-03-11', 1, 'T', 2);
INSERT INTO `espacio` (fecha, libre, turno, aula_id) VALUES ('2022-03-04', 1, 'N', 2);
INSERT INTO `espacio` (fecha, libre, turno, aula_id) VALUES ('2022-03-05', 1, 'N', 2);
INSERT INTO `espacio` (fecha, libre, turno, aula_id) VALUES ('2022-03-06', 1, 'N', 2);
INSERT INTO `espacio` (fecha, libre, turno, aula_id) VALUES ('2022-03-07', 1, 'N', 2);
INSERT INTO `espacio` (fecha, libre, turno, aula_id) VALUES ('2022-03-04', 1, 'M', 3);
INSERT INTO `espacio` (fecha, libre, turno, aula_id) VALUES ('2022-03-05', 1, 'M', 3);
INSERT INTO `espacio` (fecha, libre, turno, aula_id) VALUES ('2022-03-06', 1, 'M', 3);
INSERT INTO `espacio` (fecha, libre, turno, aula_id) VALUES ('2022-03-07', 1, 'M', 3);
INSERT INTO `espacio` (fecha, libre, turno, aula_id) VALUES ('2022-03-08', 1, 'M', 3);
INSERT INTO `espacio` (fecha, libre, turno, aula_id) VALUES ('2022-03-09', 1, 'M', 3);
INSERT INTO `espacio` (fecha, libre, turno, aula_id) VALUES ('2022-03-10', 1, 'M', 3);
INSERT INTO `espacio` (fecha, libre, turno, aula_id) VALUES ('2022-03-13', 1, 'M', 3);
INSERT INTO `espacio` (fecha, libre, turno, aula_id) VALUES ('2022-03-14', 1, 'M', 3);
INSERT INTO `espacio` (fecha, libre, turno, aula_id) VALUES ('2022-03-15', 1, 'M', 3);
INSERT INTO `espacio` (fecha, libre, turno, aula_id) VALUES ('2022-03-16', 1, 'M', 3);
INSERT INTO `espacio` (fecha, libre, turno, aula_id) VALUES ('2022-03-02', 1, 'T', 3);
INSERT INTO `espacio` (fecha, libre, turno, aula_id) VALUES ('2022-03-03', 1, 'T', 3);
INSERT INTO `espacio` (fecha, libre, turno, aula_id) VALUES ('2022-03-04', 1, 'T', 3);
INSERT INTO `espacio` (fecha, libre, turno, aula_id) VALUES ('2022-03-05', 1, 'T', 3);
INSERT INTO `espacio` (fecha, libre, turno, aula_id) VALUES ('2022-03-06', 1, 'T', 3);
INSERT INTO `espacio` (fecha, libre, turno, aula_id) VALUES ('2022-03-07', 1, 'T', 3);
INSERT INTO `espacio` (fecha, libre, turno, aula_id) VALUES ('2022-03-08', 1, 'T', 3);
INSERT INTO `espacio` (fecha, libre, turno, aula_id) VALUES ('2022-03-09', 1, 'T', 3);
INSERT INTO `espacio` (fecha, libre, turno, aula_id) VALUES ('2022-03-10', 1, 'T', 3);
INSERT INTO `espacio` (fecha, libre, turno, aula_id) VALUES ('2022-03-21', 1, 'T', 3);
INSERT INTO `espacio` (fecha, libre, turno, aula_id) VALUES ('2022-03-22', 1, 'T', 3);
INSERT INTO `espacio` (fecha, libre, turno, aula_id) VALUES ('2022-03-23', 1, 'T', 3);
INSERT INTO `espacio` (fecha, libre, turno, aula_id) VALUES ('2022-03-24', 1, 'T', 3);
INSERT INTO `espacio` (fecha, libre, turno, aula_id) VALUES ('2022-03-25', 1, 'T', 3);
INSERT INTO `espacio` (fecha, libre, turno, aula_id) VALUES ('2022-03-26', 1, 'T', 3);
INSERT INTO `espacio` (fecha, libre, turno, aula_id) VALUES ('2022-03-03', 1, 'N', 3);
INSERT INTO `espacio` (fecha, libre, turno, aula_id) VALUES ('2022-03-04', 1, 'N', 3);
INSERT INTO `espacio` (fecha, libre, turno, aula_id) VALUES ('2022-03-05', 1, 'N', 3);
INSERT INTO `espacio` (fecha, libre, turno, aula_id) VALUES ('2022-03-12', 1, 'N', 3);
INSERT INTO `espacio` (fecha, libre, turno, aula_id) VALUES ('2022-03-13', 1, 'N', 3);
INSERT INTO `espacio` (fecha, libre, turno, aula_id) VALUES ('2022-03-14', 1, 'N', 3);
INSERT INTO `espacio` (fecha, libre, turno, aula_id) VALUES ('2022-03-15', 1, 'N', 3);
INSERT INTO `espacio` (fecha, libre, turno, aula_id) VALUES ('2022-03-16', 1, 'N', 3);
INSERT INTO `espacio` (fecha, libre, turno, aula_id) VALUES ('2022-03-17', 1, 'N', 3);
INSERT INTO `espacio` (fecha, libre, turno, aula_id) VALUES ('2022-03-18', 1, 'N', 3);
INSERT INTO `espacio` (fecha, libre, turno, aula_id) VALUES ('2022-03-19', 1, 'N', 3);
INSERT INTO `espacio` (fecha, libre, turno, aula_id) VALUES ('2022-03-20', 1, 'N', 3);
INSERT INTO `espacio` (fecha, libre, turno, aula_id) VALUES ('2022-03-21', 1, 'N', 3);
INSERT INTO `espacio` (fecha, libre, turno, aula_id) VALUES ('2022-03-22', 1, 'N', 3);
INSERT INTO `espacio` (fecha, libre, turno, aula_id) VALUES ('2022-03-23', 1, 'N', 3);
INSERT INTO `espacio` (fecha, libre, turno, aula_id) VALUES ('2022-03-09', 1, 'M', 4);
INSERT INTO `espacio` (fecha, libre, turno, aula_id) VALUES ('2022-03-10', 1, 'M', 4);
INSERT INTO `espacio` (fecha, libre, turno, aula_id) VALUES ('2022-03-11', 1, 'M', 4);
INSERT INTO `espacio` (fecha, libre, turno, aula_id) VALUES ('2022-03-12', 1, 'M', 4);
INSERT INTO `espacio` (fecha, libre, turno, aula_id) VALUES ('2022-03-25', 1, 'M', 4);
INSERT INTO `espacio` (fecha, libre, turno, aula_id) VALUES ('2022-03-26', 1, 'M', 4);
INSERT INTO `espacio` (fecha, libre, turno, aula_id) VALUES ('2022-03-27', 1, 'M', 4);
INSERT INTO `espacio` (fecha, libre, turno, aula_id) VALUES ('2022-03-28', 1, 'M', 4);
INSERT INTO `espacio` (fecha, libre, turno, aula_id) VALUES ('2022-03-17', 1, 'T', 4);
INSERT INTO `espacio` (fecha, libre, turno, aula_id) VALUES ('2022-03-18', 1, 'T', 4);
INSERT INTO `espacio` (fecha, libre, turno, aula_id) VALUES ('2022-03-26', 1, 'T', 4);
INSERT INTO `espacio` (fecha, libre, turno, aula_id) VALUES ('2022-03-02', 1, 'N', 4);
INSERT INTO `espacio` (fecha, libre, turno, aula_id) VALUES ('2022-03-11', 1, 'N', 4);
INSERT INTO `espacio` (fecha, libre, turno, aula_id) VALUES ('2022-03-12', 1, 'N', 4);
INSERT INTO `espacio` (fecha, libre, turno, aula_id) VALUES ('2022-03-13', 1, 'N', 4);
INSERT INTO `espacio` (fecha, libre, turno, aula_id) VALUES ('2022-03-19', 1, 'N', 4);
INSERT INTO `espacio` (fecha, libre, turno, aula_id) VALUES ('2022-03-20', 1, 'N', 4);
INSERT INTO `espacio` (fecha, libre, turno, aula_id) VALUES ('2022-03-21', 1, 'N', 4);
INSERT INTO `espacio` (fecha, libre, turno, aula_id) VALUES ('2022-03-22', 1, 'N', 4);
INSERT INTO `espacio` (fecha, libre, turno, aula_id) VALUES ('2022-03-23', 1, 'N', 4);
INSERT INTO `espacio` (fecha, libre, turno, aula_id) VALUES ('2022-03-24', 1, 'N', 4);
INSERT INTO `espacio` (fecha, libre, turno, aula_id) VALUES ('2022-03-25', 1, 'N', 4);
INSERT INTO `espacio` (fecha, libre, turno, aula_id) VALUES ('2022-03-26', 1, 'N', 4);
INSERT INTO `espacio` (fecha, libre, turno, aula_id) VALUES ('2022-03-22', 1, 'M', 5);
INSERT INTO `espacio` (fecha, libre, turno, aula_id) VALUES ('2022-03-23', 1, 'M', 5);
INSERT INTO `espacio` (fecha, libre, turno, aula_id) VALUES ('2022-03-24', 1, 'M', 5);
INSERT INTO `espacio` (fecha, libre, turno, aula_id) VALUES ('2022-03-25', 1, 'M', 5);
INSERT INTO `espacio` (fecha, libre, turno, aula_id) VALUES ('2022-03-26', 1, 'M', 5);
INSERT INTO `espacio` (fecha, libre, turno, aula_id) VALUES ('2022-03-27', 1, 'M', 5);
INSERT INTO `espacio` (fecha, libre, turno, aula_id) VALUES ('2022-03-28', 1, 'M', 5);
INSERT INTO `espacio` (fecha, libre, turno, aula_id) VALUES ('2022-03-29', 1, 'M', 5);
INSERT INTO `espacio` (fecha, libre, turno, aula_id) VALUES ('2022-03-30', 1, 'M', 5);
INSERT INTO `espacio` (fecha, libre, turno, aula_id) VALUES ('2022-03-10', 1, 'T', 5);
INSERT INTO `espacio` (fecha, libre, turno, aula_id) VALUES ('2022-03-11', 1, 'T', 5);
INSERT INTO `espacio` (fecha, libre, turno, aula_id) VALUES ('2022-03-12', 1, 'T', 5);
INSERT INTO `espacio` (fecha, libre, turno, aula_id) VALUES ('2022-03-13', 1, 'T', 5);
INSERT INTO `espacio` (fecha, libre, turno, aula_id) VALUES ('2022-03-14', 1, 'T', 5);
INSERT INTO `espacio` (fecha, libre, turno, aula_id) VALUES ('2022-03-15', 1, 'T', 5);
INSERT INTO `espacio` (fecha, libre, turno, aula_id) VALUES ('2022-03-16', 1, 'T', 5);
INSERT INTO `espacio` (fecha, libre, turno, aula_id) VALUES ('2022-03-28', 1, 'T', 5);
INSERT INTO `espacio` (fecha, libre, turno, aula_id) VALUES ('2022-03-05', 1, 'N', 5);
INSERT INTO `espacio` (fecha, libre, turno, aula_id) VALUES ('2022-03-06', 1, 'N', 5);
INSERT INTO `espacio` (fecha, libre, turno, aula_id) VALUES ('2022-03-07', 1, 'N', 5);
INSERT INTO `espacio` (fecha, libre, turno, aula_id) VALUES ('2022-03-08', 1, 'N', 5);
INSERT INTO `espacio` (fecha, libre, turno, aula_id) VALUES ('2022-03-13', 1, 'N', 5);
INSERT INTO `espacio` (fecha, libre, turno, aula_id) VALUES ('2022-03-14', 1, 'N', 5);
INSERT INTO `espacio` (fecha, libre, turno, aula_id) VALUES ('2022-03-15', 1, 'N', 5);
INSERT INTO `espacio` (fecha, libre, turno, aula_id) VALUES ('2022-03-22', 1, 'N', 5);
INSERT INTO `espacio` (fecha, libre, turno, aula_id) VALUES ('2022-03-23', 1, 'N', 5);
INSERT INTO `espacio` (fecha, libre, turno, aula_id) VALUES ('2022-03-24', 1, 'N', 5);
INSERT INTO `espacio` (fecha, libre, turno, aula_id) VALUES ('2022-03-25', 1, 'N', 5);
INSERT INTO `espacio` (fecha, libre, turno, aula_id) VALUES ('2022-03-26', 1, 'N', 5);
INSERT INTO `espacio` (fecha, libre, turno, aula_id) VALUES ('2022-03-27', 1, 'N', 5);
INSERT INTO `espacio` (fecha, libre, turno, aula_id) VALUES ('2022-03-28', 1, 'N', 5);
INSERT INTO `espacio` (fecha, libre, turno, aula_id) VALUES ('2022-03-29', 1, 'N', 5);
INSERT INTO `espacio` (fecha, libre, turno, aula_id) VALUES ('2022-03-08', 1, 'M', 6);
INSERT INTO `espacio` (fecha, libre, turno, aula_id) VALUES ('2022-03-09', 1, 'M', 6);
INSERT INTO `espacio` (fecha, libre, turno, aula_id) VALUES ('2022-03-08', 1, 'T', 6);
INSERT INTO `espacio` (fecha, libre, turno, aula_id) VALUES ('2022-03-13', 1, 'T', 6);
INSERT INTO `espacio` (fecha, libre, turno, aula_id) VALUES ('2022-03-18', 1, 'T', 6);
INSERT INTO `espacio` (fecha, libre, turno, aula_id) VALUES ('2022-03-19', 1, 'T', 6);
INSERT INTO `espacio` (fecha, libre, turno, aula_id) VALUES ('2022-03-20', 1, 'T', 6);
INSERT INTO `espacio` (fecha, libre, turno, aula_id) VALUES ('2022-03-21', 1, 'T', 6);
INSERT INTO `espacio` (fecha, libre, turno, aula_id) VALUES ('2022-03-22', 1, 'T', 6);
INSERT INTO `espacio` (fecha, libre, turno, aula_id) VALUES ('2022-03-23', 1, 'T', 6);
INSERT INTO `espacio` (fecha, libre, turno, aula_id) VALUES ('2022-03-24', 1, 'T', 6);
INSERT INTO `espacio` (fecha, libre, turno, aula_id) VALUES ('2022-03-25', 1, 'T', 6);
INSERT INTO `espacio` (fecha, libre, turno, aula_id) VALUES ('2022-03-26', 1, 'T', 6);
INSERT INTO `espacio` (fecha, libre, turno, aula_id) VALUES ('2022-03-27', 1, 'T', 6);
INSERT INTO `espacio` (fecha, libre, turno, aula_id) VALUES ('2022-03-28', 1, 'T', 6);
INSERT INTO `espacio` (fecha, libre, turno, aula_id) VALUES ('2022-03-29', 1, 'T', 6);
INSERT INTO `espacio` (fecha, libre, turno, aula_id) VALUES ('2022-03-30', 1, 'T', 6);
INSERT INTO `espacio` (fecha, libre, turno, aula_id) VALUES ('2022-03-31', 1, 'T', 6);
INSERT INTO `espacio` (fecha, libre, turno, aula_id) VALUES ('2022-03-01', 1, 'N', 6);
INSERT INTO `espacio` (fecha, libre, turno, aula_id) VALUES ('2022-03-11', 1, 'N', 6);
INSERT INTO `espacio` (fecha, libre, turno, aula_id) VALUES ('2022-03-06', 1, 'M', 7);
INSERT INTO `espacio` (fecha, libre, turno, aula_id) VALUES ('2022-03-07', 1, 'M', 7);
INSERT INTO `espacio` (fecha, libre, turno, aula_id) VALUES ('2022-03-08', 1, 'M', 7);
INSERT INTO `espacio` (fecha, libre, turno, aula_id) VALUES ('2022-03-09', 1, 'M', 7);
INSERT INTO `espacio` (fecha, libre, turno, aula_id) VALUES ('2022-03-10', 1, 'M', 7);
INSERT INTO `espacio` (fecha, libre, turno, aula_id) VALUES ('2022-03-11', 1, 'M', 7);
INSERT INTO `espacio` (fecha, libre, turno, aula_id) VALUES ('2022-03-27', 1, 'M', 7);
INSERT INTO `espacio` (fecha, libre, turno, aula_id) VALUES ('2022-03-28', 1, 'M', 7);
INSERT INTO `espacio` (fecha, libre, turno, aula_id) VALUES ('2022-03-29', 1, 'M', 7);
INSERT INTO `espacio` (fecha, libre, turno, aula_id) VALUES ('2022-03-30', 1, 'M', 7);
INSERT INTO `espacio` (fecha, libre, turno, aula_id) VALUES ('2022-03-31', 1, 'M', 7);
INSERT INTO `espacio` (fecha, libre, turno, aula_id) VALUES ('2022-03-01', 1, 'T', 7);
INSERT INTO `espacio` (fecha, libre, turno, aula_id) VALUES ('2022-03-02', 1, 'T', 7);
INSERT INTO `espacio` (fecha, libre, turno, aula_id) VALUES ('2022-03-03', 1, 'T', 7);
INSERT INTO `espacio` (fecha, libre, turno, aula_id) VALUES ('2022-03-12', 1, 'N', 7);
INSERT INTO `espacio` (fecha, libre, turno, aula_id) VALUES ('2022-03-24', 1, 'N', 7);
INSERT INTO `espacio` (fecha, libre, turno, aula_id) VALUES ('2022-03-25', 1, 'N', 7);
INSERT INTO `espacio` (fecha, libre, turno, aula_id) VALUES ('2022-03-26', 1, 'N', 7);
INSERT INTO `espacio` (fecha, libre, turno, aula_id) VALUES ('2022-03-27', 1, 'N', 7);
INSERT INTO `espacio` (fecha, libre, turno, aula_id) VALUES ('2022-03-28', 1, 'N', 7);
INSERT INTO `espacio` (fecha, libre, turno, aula_id) VALUES ('2022-03-29', 1, 'N', 7);
INSERT INTO `espacio` (fecha, libre, turno, aula_id) VALUES ('2022-03-30', 1, 'N', 7);
INSERT INTO `espacio` (fecha, libre, turno, aula_id) VALUES ('2022-03-31', 1, 'N', 7);
INSERT INTO `espacio` (fecha, libre, turno, aula_id) VALUES ('2022-03-10', 1, 'M', 8);
INSERT INTO `espacio` (fecha, libre, turno, aula_id) VALUES ('2022-03-17', 1, 'M', 8);
INSERT INTO `espacio` (fecha, libre, turno, aula_id) VALUES ('2022-03-18', 1, 'M', 8);
INSERT INTO `espacio` (fecha, libre, turno, aula_id) VALUES ('2022-03-19', 1, 'M', 8);
INSERT INTO `espacio` (fecha, libre, turno, aula_id) VALUES ('2022-03-20', 1, 'M', 8);
INSERT INTO `espacio` (fecha, libre, turno, aula_id) VALUES ('2022-03-21', 1, 'M', 8);
INSERT INTO `espacio` (fecha, libre, turno, aula_id) VALUES ('2022-03-22', 1, 'M', 8);
INSERT INTO `espacio` (fecha, libre, turno, aula_id) VALUES ('2022-03-23', 1, 'M', 8);
INSERT INTO `espacio` (fecha, libre, turno, aula_id) VALUES ('2022-03-24', 1, 'M', 8);
INSERT INTO `espacio` (fecha, libre, turno, aula_id) VALUES ('2022-03-25', 1, 'M', 8);
INSERT INTO `espacio` (fecha, libre, turno, aula_id) VALUES ('2022-03-04', 1, 'T', 8);
INSERT INTO `espacio` (fecha, libre, turno, aula_id) VALUES ('2022-03-22', 1, 'T', 8);
INSERT INTO `espacio` (fecha, libre, turno, aula_id) VALUES ('2022-03-23', 1, 'T', 8);
INSERT INTO `espacio` (fecha, libre, turno, aula_id) VALUES ('2022-03-24', 1, 'T', 8);
INSERT INTO `espacio` (fecha, libre, turno, aula_id) VALUES ('2022-03-25', 1, 'T', 8);
INSERT INTO `espacio` (fecha, libre, turno, aula_id) VALUES ('2022-03-26', 1, 'T', 8);
INSERT INTO `espacio` (fecha, libre, turno, aula_id) VALUES ('2022-03-27', 1, 'T', 8);
INSERT INTO `espacio` (fecha, libre, turno, aula_id) VALUES ('2022-03-05', 1, 'N', 8);
INSERT INTO `espacio` (fecha, libre, turno, aula_id) VALUES ('2022-03-06', 1, 'N', 8);
INSERT INTO `espacio` (fecha, libre, turno, aula_id) VALUES ('2022-03-07', 1, 'N', 8);
INSERT INTO `espacio` (fecha, libre, turno, aula_id) VALUES ('2022-03-08', 1, 'N', 8);
INSERT INTO `espacio` (fecha, libre, turno, aula_id) VALUES ('2022-03-15', 1, 'N', 8);
INSERT INTO `espacio` (fecha, libre, turno, aula_id) VALUES ('2022-03-16', 1, 'N', 8);
INSERT INTO `espacio` (fecha, libre, turno, aula_id) VALUES ('2022-03-17', 1, 'N', 8);
INSERT INTO `espacio` (fecha, libre, turno, aula_id) VALUES ('2022-03-29', 1, 'N', 8);
INSERT INTO `espacio` (fecha, libre, turno, aula_id) VALUES ('2022-03-30', 1, 'N', 8);
INSERT INTO `espacio` (fecha, libre, turno, aula_id) VALUES ('2022-03-31', 1, 'N', 8);
INSERT INTO `espacio` (fecha, libre, turno, aula_id) VALUES ('2022-03-06', 1, 'M', 9);
INSERT INTO `espacio` (fecha, libre, turno, aula_id) VALUES ('2022-03-28', 1, 'M', 9);
INSERT INTO `espacio` (fecha, libre, turno, aula_id) VALUES ('2022-03-29', 1, 'M', 9);
INSERT INTO `espacio` (fecha, libre, turno, aula_id) VALUES ('2022-03-08', 1, 'T', 9);
INSERT INTO `espacio` (fecha, libre, turno, aula_id) VALUES ('2022-03-09', 1, 'T', 9);
INSERT INTO `espacio` (fecha, libre, turno, aula_id) VALUES ('2022-03-10', 1, 'T', 9);
INSERT INTO `espacio` (fecha, libre, turno, aula_id) VALUES ('2022-03-18', 1, 'T', 9);
INSERT INTO `espacio` (fecha, libre, turno, aula_id) VALUES ('2022-03-19', 1, 'T', 9);
INSERT INTO `espacio` (fecha, libre, turno, aula_id) VALUES ('2022-03-20', 1, 'T', 9);
INSERT INTO `espacio` (fecha, libre, turno, aula_id) VALUES ('2022-03-30', 1, 'T', 9);
INSERT INTO `espacio` (fecha, libre, turno, aula_id) VALUES ('2022-03-31', 1, 'T', 9);
INSERT INTO `espacio` (fecha, libre, turno, aula_id) VALUES ('2022-03-01', 1, 'N', 9);
INSERT INTO `espacio` (fecha, libre, turno, aula_id) VALUES ('2022-03-02', 1, 'N', 9);
INSERT INTO `espacio` (fecha, libre, turno, aula_id) VALUES ('2022-03-03', 1, 'N', 9);
INSERT INTO `espacio` (fecha, libre, turno, aula_id) VALUES ('2022-03-04', 1, 'N', 9);
INSERT INTO `espacio` (fecha, libre, turno, aula_id) VALUES ('2022-03-05', 1, 'N', 9);
INSERT INTO `espacio` (fecha, libre, turno, aula_id) VALUES ('2022-03-06', 1, 'N', 9);
INSERT INTO `espacio` (fecha, libre, turno, aula_id) VALUES ('2022-03-07', 1, 'N', 9);
INSERT INTO `espacio` (fecha, libre, turno, aula_id) VALUES ('2022-03-08', 1, 'N', 9);
INSERT INTO `espacio` (fecha, libre, turno, aula_id) VALUES ('2022-03-30', 1, 'N', 9);
INSERT INTO `espacio` (fecha, libre, turno, aula_id) VALUES ('2022-03-31', 1, 'N', 9);
INSERT INTO `espacio` (fecha, libre, turno, aula_id) VALUES ('2022-03-01', 1, 'M', 10);
INSERT INTO `espacio` (fecha, libre, turno, aula_id) VALUES ('2022-03-27', 1, 'M', 10);
INSERT INTO `espacio` (fecha, libre, turno, aula_id) VALUES ('2022-03-28', 1, 'M', 10);
INSERT INTO `espacio` (fecha, libre, turno, aula_id) VALUES ('2022-03-29', 1, 'M', 10);
INSERT INTO `espacio` (fecha, libre, turno, aula_id) VALUES ('2022-03-30', 1, 'M', 10);
INSERT INTO `espacio` (fecha, libre, turno, aula_id) VALUES ('2022-03-31', 1, 'M', 10);
INSERT INTO `espacio` (fecha, libre, turno, aula_id) VALUES ('2022-03-01', 1, 'T', 10);
INSERT INTO `espacio` (fecha, libre, turno, aula_id) VALUES ('2022-03-02', 1, 'T', 10);
INSERT INTO `espacio` (fecha, libre, turno, aula_id) VALUES ('2022-03-03', 1, 'T', 10);
INSERT INTO `espacio` (fecha, libre, turno, aula_id) VALUES ('2022-03-04', 1, 'T', 10);
INSERT INTO `espacio` (fecha, libre, turno, aula_id) VALUES ('2022-03-05', 1, 'T', 10);
INSERT INTO `espacio` (fecha, libre, turno, aula_id) VALUES ('2022-03-06', 1, 'T', 10);
INSERT INTO `espacio` (fecha, libre, turno, aula_id) VALUES ('2022-03-21', 1, 'T', 10);
INSERT INTO `espacio` (fecha, libre, turno, aula_id) VALUES ('2022-03-22', 1, 'T', 10);
INSERT INTO `espacio` (fecha, libre, turno, aula_id) VALUES ('2022-03-23', 1, 'T', 10);
INSERT INTO `espacio` (fecha, libre, turno, aula_id) VALUES ('2022-03-02', 1, 'N', 10);
INSERT INTO `espacio` (fecha, libre, turno, aula_id) VALUES ('2022-03-03', 1, 'N', 10);
INSERT INTO `espacio` (fecha, libre, turno, aula_id) VALUES ('2022-03-04', 1, 'N', 10);
INSERT INTO `espacio` (fecha, libre, turno, aula_id) VALUES ('2022-03-05', 1, 'N', 10);
INSERT INTO `espacio` (fecha, libre, turno, aula_id) VALUES ('2022-03-06', 1, 'N', 10);
INSERT INTO `espacio` (fecha, libre, turno, aula_id) VALUES ('2022-03-07', 1, 'N', 10);
INSERT INTO `espacio` (fecha, libre, turno, aula_id) VALUES ('2022-03-08', 1, 'N', 10);
INSERT INTO `espacio` (fecha, libre, turno, aula_id) VALUES ('2022-03-09', 1, 'N', 10);
INSERT INTO `espacio` (fecha, libre, turno, aula_id) VALUES ('2022-03-10', 1, 'N', 10);
INSERT INTO `espacio` (fecha, libre, turno, aula_id) VALUES ('2022-03-11', 1, 'N', 10);
INSERT INTO `espacio` (fecha, libre, turno, aula_id) VALUES ('2022-03-25', 1, 'N', 10);
INSERT INTO `espacio` (fecha, libre, turno, aula_id) VALUES ('2022-03-26', 1, 'N', 10);
INSERT INTO `espacio` (fecha, libre, turno, aula_id) VALUES ('2022-03-27', 1, 'N', 10);
INSERT INTO `espacio` (fecha, libre, turno, aula_id) VALUES ('2022-03-28', 1, 'N', 10);
INSERT INTO `espacio` (fecha, libre, turno, aula_id) VALUES ('2022-03-18', 1, 'M', 11);
INSERT INTO `espacio` (fecha, libre, turno, aula_id) VALUES ('2022-03-19', 1, 'M', 11);
INSERT INTO `espacio` (fecha, libre, turno, aula_id) VALUES ('2022-03-20', 1, 'M', 11);
INSERT INTO `espacio` (fecha, libre, turno, aula_id) VALUES ('2022-03-21', 1, 'M', 11);
INSERT INTO `espacio` (fecha, libre, turno, aula_id) VALUES ('2022-03-22', 1, 'M', 11);
INSERT INTO `espacio` (fecha, libre, turno, aula_id) VALUES ('2022-03-28', 1, 'M', 11);
INSERT INTO `espacio` (fecha, libre, turno, aula_id) VALUES ('2022-03-06', 1, 'T', 11);
INSERT INTO `espacio` (fecha, libre, turno, aula_id) VALUES ('2022-03-07', 1, 'T', 11);
INSERT INTO `espacio` (fecha, libre, turno, aula_id) VALUES ('2022-03-08', 1, 'T', 11);
INSERT INTO `espacio` (fecha, libre, turno, aula_id) VALUES ('2022-03-09', 1, 'T', 11);
INSERT INTO `espacio` (fecha, libre, turno, aula_id) VALUES ('2022-03-10', 1, 'T', 11);
INSERT INTO `espacio` (fecha, libre, turno, aula_id) VALUES ('2022-03-11', 1, 'T', 11);
INSERT INTO `espacio` (fecha, libre, turno, aula_id) VALUES ('2022-03-18', 1, 'T', 11);
INSERT INTO `espacio` (fecha, libre, turno, aula_id) VALUES ('2022-03-19', 1, 'T', 11);
INSERT INTO `espacio` (fecha, libre, turno, aula_id) VALUES ('2022-03-13', 1, 'N', 11);
INSERT INTO `espacio` (fecha, libre, turno, aula_id) VALUES ('2022-03-24', 1, 'N', 11);
INSERT INTO `espacio` (fecha, libre, turno, aula_id) VALUES ('2022-03-25', 1, 'N', 11);
INSERT INTO `espacio` (fecha, libre, turno, aula_id) VALUES ('2022-03-07', 1, 'M', 12);
INSERT INTO `espacio` (fecha, libre, turno, aula_id) VALUES ('2022-03-12', 1, 'T', 12);
INSERT INTO `espacio` (fecha, libre, turno, aula_id) VALUES ('2022-03-13', 1, 'T', 12);
INSERT INTO `espacio` (fecha, libre, turno, aula_id) VALUES ('2022-03-20', 1, 'T', 12);
INSERT INTO `espacio` (fecha, libre, turno, aula_id) VALUES ('2022-03-21', 1, 'T', 12);
INSERT INTO `espacio` (fecha, libre, turno, aula_id) VALUES ('2022-03-22', 1, 'T', 12);
INSERT INTO `espacio` (fecha, libre, turno, aula_id) VALUES ('2022-03-23', 1, 'T', 12);
INSERT INTO `espacio` (fecha, libre, turno, aula_id) VALUES ('2022-03-24', 1, 'T', 12);
INSERT INTO `espacio` (fecha, libre, turno, aula_id) VALUES ('2022-03-25', 1, 'T', 12);
INSERT INTO `espacio` (fecha, libre, turno, aula_id) VALUES ('2022-03-26', 1, 'T', 12);
INSERT INTO `espacio` (fecha, libre, turno, aula_id) VALUES ('2022-03-27', 1, 'T', 12);
INSERT INTO `espacio` (fecha, libre, turno, aula_id) VALUES ('2022-03-28', 1, 'T', 12);
INSERT INTO `espacio` (fecha, libre, turno, aula_id) VALUES ('2022-03-29', 1, 'T', 12);
INSERT INTO `espacio` (fecha, libre, turno, aula_id) VALUES ('2022-03-30', 1, 'T', 12);
INSERT INTO `espacio` (fecha, libre, turno, aula_id) VALUES ('2022-03-31', 1, 'T', 12);
INSERT INTO `espacio` (fecha, libre, turno, aula_id) VALUES ('2022-03-01', 1, 'N', 12);
INSERT INTO `espacio` (fecha, libre, turno, aula_id) VALUES ('2022-03-02', 1, 'N', 12);
INSERT INTO `espacio` (fecha, libre, turno, aula_id) VALUES ('2022-03-15', 1, 'N', 12);
INSERT INTO `espacio` (fecha, libre, turno, aula_id) VALUES ('2022-03-23', 1, 'N', 12);
INSERT INTO `espacio` (fecha, libre, turno, aula_id) VALUES ('2022-03-24', 1, 'N', 12);
INSERT INTO `espacio` (fecha, libre, turno, aula_id) VALUES ('2022-03-25', 1, 'N', 12);
INSERT INTO `espacio` (fecha, libre, turno, aula_id) VALUES ('2022-03-17', 1, 'M', 13);
INSERT INTO `espacio` (fecha, libre, turno, aula_id) VALUES ('2022-03-18', 1, 'M', 13);
INSERT INTO `espacio` (fecha, libre, turno, aula_id) VALUES ('2022-03-19', 1, 'M', 13);
INSERT INTO `espacio` (fecha, libre, turno, aula_id) VALUES ('2022-03-20', 1, 'M', 13);
INSERT INTO `espacio` (fecha, libre, turno, aula_id) VALUES ('2022-03-21', 1, 'M', 13);
INSERT INTO `espacio` (fecha, libre, turno, aula_id) VALUES ('2022-03-22', 1, 'M', 13);
INSERT INTO `espacio` (fecha, libre, turno, aula_id) VALUES ('2022-03-24', 1, 'M', 13);
INSERT INTO `espacio` (fecha, libre, turno, aula_id) VALUES ('2022-03-25', 1, 'M', 13);
INSERT INTO `espacio` (fecha, libre, turno, aula_id) VALUES ('2022-03-26', 1, 'M', 13);
INSERT INTO `espacio` (fecha, libre, turno, aula_id) VALUES ('2022-03-27', 1, 'M', 13);
INSERT INTO `espacio` (fecha, libre, turno, aula_id) VALUES ('2022-03-28', 1, 'M', 13);
INSERT INTO `espacio` (fecha, libre, turno, aula_id) VALUES ('2022-03-29', 1, 'M', 13);
INSERT INTO `espacio` (fecha, libre, turno, aula_id) VALUES ('2022-03-31', 1, 'M', 13);
INSERT INTO `espacio` (fecha, libre, turno, aula_id) VALUES ('2022-03-07', 1, 'T', 13);
INSERT INTO `espacio` (fecha, libre, turno, aula_id) VALUES ('2022-03-08', 1, 'T', 13);
INSERT INTO `espacio` (fecha, libre, turno, aula_id) VALUES ('2022-03-23', 1, 'T', 13);
INSERT INTO `espacio` (fecha, libre, turno, aula_id) VALUES ('2022-03-25', 1, 'T', 13);
INSERT INTO `espacio` (fecha, libre, turno, aula_id) VALUES ('2022-03-26', 1, 'T', 13);
INSERT INTO `espacio` (fecha, libre, turno, aula_id) VALUES ('2022-03-27', 1, 'T', 13);
INSERT INTO `espacio` (fecha, libre, turno, aula_id) VALUES ('2022-03-28', 1, 'T', 13);
INSERT INTO `espacio` (fecha, libre, turno, aula_id) VALUES ('2022-03-29', 1, 'T', 13);
INSERT INTO `espacio` (fecha, libre, turno, aula_id) VALUES ('2022-03-30', 1, 'T', 13);
INSERT INTO `espacio` (fecha, libre, turno, aula_id) VALUES ('2022-03-31', 1, 'T', 13);
INSERT INTO `espacio` (fecha, libre, turno, aula_id) VALUES ('2022-03-01', 1, 'N', 13);
INSERT INTO `espacio` (fecha, libre, turno, aula_id) VALUES ('2022-03-02', 1, 'N', 13);
INSERT INTO `espacio` (fecha, libre, turno, aula_id) VALUES ('2022-03-03', 1, 'N', 13);
INSERT INTO `espacio` (fecha, libre, turno, aula_id) VALUES ('2022-03-04', 1, 'N', 13);
INSERT INTO `espacio` (fecha, libre, turno, aula_id) VALUES ('2022-03-05', 1, 'N', 13);
INSERT INTO `espacio` (fecha, libre, turno, aula_id) VALUES ('2022-03-06', 1, 'N', 13);
INSERT INTO `espacio` (fecha, libre, turno, aula_id) VALUES ('2022-03-21', 1, 'N', 13);
INSERT INTO `espacio` (fecha, libre, turno, aula_id) VALUES ('2022-03-03', 1, 'M', 14);
INSERT INTO `espacio` (fecha, libre, turno, aula_id) VALUES ('2022-03-04', 1, 'M', 14);
INSERT INTO `espacio` (fecha, libre, turno, aula_id) VALUES ('2022-03-05', 1, 'M', 14);
INSERT INTO `espacio` (fecha, libre, turno, aula_id) VALUES ('2022-03-06', 1, 'M', 14);
INSERT INTO `espacio` (fecha, libre, turno, aula_id) VALUES ('2022-03-07', 1, 'M', 14);
INSERT INTO `espacio` (fecha, libre, turno, aula_id) VALUES ('2022-03-08', 1, 'M', 14);
INSERT INTO `espacio` (fecha, libre, turno, aula_id) VALUES ('2022-03-09', 1, 'M', 14);
INSERT INTO `espacio` (fecha, libre, turno, aula_id) VALUES ('2022-03-10', 1, 'M', 14);
INSERT INTO `espacio` (fecha, libre, turno, aula_id) VALUES ('2022-03-11', 1, 'M', 14);
INSERT INTO `espacio` (fecha, libre, turno, aula_id) VALUES ('2022-03-12', 1, 'M', 14);
INSERT INTO `espacio` (fecha, libre, turno, aula_id) VALUES ('2022-03-13', 1, 'M', 14);
INSERT INTO `espacio` (fecha, libre, turno, aula_id) VALUES ('2022-03-14', 1, 'M', 14);
INSERT INTO `espacio` (fecha, libre, turno, aula_id) VALUES ('2022-03-15', 1, 'M', 14);
INSERT INTO `espacio` (fecha, libre, turno, aula_id) VALUES ('2022-03-16', 1, 'M', 14);
INSERT INTO `espacio` (fecha, libre, turno, aula_id) VALUES ('2022-03-17', 1, 'M', 14);
INSERT INTO `espacio` (fecha, libre, turno, aula_id) VALUES ('2022-03-18', 1, 'M', 14);
INSERT INTO `espacio` (fecha, libre, turno, aula_id) VALUES ('2022-03-19', 1, 'M', 14);
INSERT INTO `espacio` (fecha, libre, turno, aula_id) VALUES ('2022-03-20', 1, 'M', 14);
INSERT INTO `espacio` (fecha, libre, turno, aula_id) VALUES ('2022-03-21', 1, 'M', 14);
INSERT INTO `espacio` (fecha, libre, turno, aula_id) VALUES ('2022-03-10', 1, 'T', 14);
INSERT INTO `espacio` (fecha, libre, turno, aula_id) VALUES ('2022-03-11', 1, 'T', 14);
INSERT INTO `espacio` (fecha, libre, turno, aula_id) VALUES ('2022-03-12', 1, 'T', 14);
INSERT INTO `espacio` (fecha, libre, turno, aula_id) VALUES ('2022-03-13', 1, 'T', 14);
INSERT INTO `espacio` (fecha, libre, turno, aula_id) VALUES ('2022-03-14', 1, 'T', 14);
INSERT INTO `espacio` (fecha, libre, turno, aula_id) VALUES ('2022-03-15', 1, 'T', 14);
INSERT INTO `espacio` (fecha, libre, turno, aula_id) VALUES ('2022-03-16', 1, 'T', 14);
INSERT INTO `espacio` (fecha, libre, turno, aula_id) VALUES ('2022-03-17', 1, 'T', 14);
INSERT INTO `espacio` (fecha, libre, turno, aula_id) VALUES ('2022-03-18', 1, 'T', 14);
INSERT INTO `espacio` (fecha, libre, turno, aula_id) VALUES ('2022-03-13', 1, 'N', 14);
INSERT INTO `espacio` (fecha, libre, turno, aula_id) VALUES ('2022-03-14', 1, 'N', 14);
INSERT INTO `espacio` (fecha, libre, turno, aula_id) VALUES ('2022-03-15', 1, 'N', 14);
INSERT INTO `espacio` (fecha, libre, turno, aula_id) VALUES ('2022-03-30', 1, 'N', 14);
INSERT INTO `espacio` (fecha, libre, turno, aula_id) VALUES ('2022-03-07', 1, 'M', 15);
INSERT INTO `espacio` (fecha, libre, turno, aula_id) VALUES ('2022-03-08', 1, 'M', 15);
INSERT INTO `espacio` (fecha, libre, turno, aula_id) VALUES ('2022-03-15', 1, 'M', 15);
INSERT INTO `espacio` (fecha, libre, turno, aula_id) VALUES ('2022-03-16', 1, 'M', 15);
INSERT INTO `espacio` (fecha, libre, turno, aula_id) VALUES ('2022-03-17', 1, 'M', 15);
INSERT INTO `espacio` (fecha, libre, turno, aula_id) VALUES ('2022-03-18', 1, 'M', 15);
INSERT INTO `espacio` (fecha, libre, turno, aula_id) VALUES ('2022-03-19', 1, 'M', 15);
INSERT INTO `espacio` (fecha, libre, turno, aula_id) VALUES ('2022-03-20', 1, 'M', 15);
INSERT INTO `espacio` (fecha, libre, turno, aula_id) VALUES ('2022-03-21', 1, 'M', 15);
INSERT INTO `espacio` (fecha, libre, turno, aula_id) VALUES ('2022-03-22', 1, 'M', 15);
INSERT INTO `espacio` (fecha, libre, turno, aula_id) VALUES ('2022-03-09', 1, 'T', 15);
INSERT INTO `espacio` (fecha, libre, turno, aula_id) VALUES ('2022-03-10', 1, 'T', 15);
INSERT INTO `espacio` (fecha, libre, turno, aula_id) VALUES ('2022-03-11', 1, 'T', 15);
INSERT INTO `espacio` (fecha, libre, turno, aula_id) VALUES ('2022-03-21', 1, 'T', 15);
INSERT INTO `espacio` (fecha, libre, turno, aula_id) VALUES ('2022-03-22', 1, 'T', 15);
INSERT INTO `espacio` (fecha, libre, turno, aula_id) VALUES ('2022-03-23', 1, 'T', 15);
INSERT INTO `espacio` (fecha, libre, turno, aula_id) VALUES ('2022-03-13', 1, 'N', 15);
INSERT INTO `espacio` (fecha, libre, turno, aula_id) VALUES ('2022-03-14', 1, 'N', 15);
INSERT INTO `espacio` (fecha, libre, turno, aula_id) VALUES ('2022-03-15', 1, 'N', 15);
INSERT INTO `espacio` (fecha, libre, turno, aula_id) VALUES ('2022-03-16', 1, 'N', 15);
INSERT INTO `espacio` (fecha, libre, turno, aula_id) VALUES ('2022-03-17', 1, 'N', 15);
INSERT INTO `espacio` (fecha, libre, turno, aula_id) VALUES ('2022-03-18', 1, 'N', 15);